{
    "Tag_Sub_Info" : 
    [
        {
            "PositionX" : 2.8951179981231689,
            "PositionY" : -1.677303671836853,
            "RotationAngle" : 86.109756469726562,
            "TagID" : 20
        },
        {
            "PositionX" : 1.374983549118042,
            "PositionY" : -10.081943511962891,
            "RotationAngle" : 1.8573250770568848,
            "TagID" : 0
        }
    ],
    "Total_num" : 2
}
