{
    "Tag_Sub_Info" : 
    [
        {
            "PositionX" : 3.1478397846221924,
            "PositionY" : 0.29229313135147095,
            "RotationAngle" : 78.533378601074219,
            "TagID" : 20
        },
        {
            "PositionX" : 0.39440137147903442,
            "PositionY" : -7.6154441833496094,
            "RotationAngle" : -13.090449333190918,
            "TagID" : 0
        }
    ],
    "Total_num" : 2
}