{
    "Tag_Sub_Info" : 
    [
        {
            "PositionX" : 2.873638391494751,
            "PositionY" : -1.6637994050979614,
            "RotationAngle" : 92.00958251953125,
            "TagID" : 20
        },
        {
            "PositionX" : 1.24167198896408081,
            "PositionY" : -10.065924644470215,
            "RotationAngle" : 1.8192437887191772,
            "TagID" : 0
        }
    ],
    "Total_num" : 2
}
